iter	Logloss
0	0.5974123305
1	0.5158419577
2	0.4414853065
3	0.3823532638
4	0.3362688231
