iter	Logloss
0	0.5763009066
1	0.4920193156
2	0.4213029081
3	0.3543545097
4	0.313896424
