{
  "columns": [
    "F527",
    "F1647",
    "F1819",
    "F2737",
    "F3836",
    "F531",
    "F2484",
    "F3908",
    "F3805",
    "F3484",
    "F115",
    "F1927",
    "F3898",
    "F2122",
    "F3813",
    "F1610",
    "F265",
    "F950",
    "F3043",
    "F670",
    "F1755",
    "F2678",
    "F2182",
    "F1497",
    "F3643",
    "F1706",
    "F3812",
    "F1611",
    "F1692",
    "F1431",
    "F3700",
    "F3712",
    "F2486",
    "F1383",
    "F2390",
    "F267",
    "F2784",
    "F1215",
    "F1863",
    "F159",
    "F1858",
    "F2956",
    "F3894",
    "F321",
    "F3496",
    "F3532",
    "F2029",
    "F2582",
    "F1923",
    "F2387",
    "F2385",
    "F270",
    "F3887",
    "F1922",
    "occupation_velocity_anomaly",
    "pass_through_score",
    "network_centrality_proxy",
    "dormancy_activation_signal",
    "financial_impossibility_score",
    "peer_deviation_combined",
    "structuring_risk",
    "cross_border_occupation_risk",
    "temporal_burst_index",
    "risk_cluster_membership",
    "two_hop_contamination",
    "international_flag_occupation"
  ],
  "center": [
    1.0,
    71251.0,
    1466037.5,
    -0.15000000596046448,
    381286.328125,
    1.2100000381469727,
    2.440000057220459,
    0.0,
    1202788.3125,
    0.019999999552965164,
    0.5299999713897705,
    18876.818359375,
    3.0,
    0.0,
    445122.171875,
    257397.53125,
    0.28999999165534973,
    100000.0,
    87.5,
    0.0,
    103280.796875,
    -0.11999999731779099,
    0.7222222089767456,
    98158.984375,
    -0.3400000035762787,
    575111.0,
    401829.59375,
    330207.25,
    0.0,
    20000.0,
    0.019999999552965164,
    0.019999999552965164,
    2.4100000858306885,
    98000.0,
    0.6399999856948853,
    0.28999999165534973,
    -0.009999999776482582,
    25000.0,
    172829.34375,
    0.5199999809265137,
    57.0,
    64.0,
    34.0,
    1.0700000524520874,
    0.029999999329447746,
    0.17000000178813934,
    23206.14453125,
    0.0,
    9868.490234375,
    0.949999988079071,
    0.949999988079071,
    0.4099999964237213,
    94.0,
    8984.1728515625,
    0.5846153497695923,
    0.21569999307394028,
    0.0,
    0.0,
    2.322903275489807,
    0.25999999046325684,
    0.0,
    0.0,
    0.37714284658432007,
    0.0,
    0.0,
    0.0
  ],
  "scale": [
    0.25,
    225786.80078125,
    4376525.875,
    0.3799999952316284,
    1971360.1826171875,
    0.6299999952316284,
    1.1200000047683716,
    1.0,
    3448262.5,
    0.029999999329447746,
    0.24000000953674316,
    74258.08227539062,
    3.0,
    0.012418506667017937,
    1215333.3671875,
    806255.3125,
    0.12000001966953278,
    460043.75,
    1.0,
    1.0,
    355724.171875,
    0.2299999948590994,
    0.8849055645987391,
    370000.0,
    1.5699999928474426,
    1441622.5,
    1101298.52734375,
    860296.96875,
    1.0,
    50000.0,
    0.05000000074505806,
    0.12000000104308128,
    0.7100000381469727,
    371000.0,
    0.3700000047683716,
    0.07000002264976501,
    0.05999999865889549,
    60000.0,
    599939.453125,
    0.08000001311302185,
    154.0,
    85.0,
    19.0,
    0.28999996185302734,
    0.08999999798834324,
    1.5699999928474426,
    97333.98022460938,
    0.04999999888241291,
    47044.24304199219,
    0.2600000500679016,
    0.41999995708465576,
    0.1599999964237213,
    123.0,
    46502.54235839844,
    0.318362295627594,
    0.3882999764755368,
    1.0,
    1.0,
    15.778939254581928,
    0.4099999740719795,
    0.3493833616375923,
    1.0,
    0.35452549532055855,
    1.0,
    1.0,
    1.0
  ],
  "encoded_cols_skipped": [
    "F3889",
    "F3891",
    "F3886",
    "F3888",
    "F3890",
    "F3892",
    "F3893"
  ]
}