{
  "columns": [
    "F2784",
    "F1647",
    "F2737",
    "F1382",
    "F1933",
    "F1609",
    "F1858",
    "F1491",
    "F2484",
    "F1755",
    "F1860",
    "F1611",
    "F2385",
    "F2029",
    "F1706",
    "F3700",
    "F115",
    "F950",
    "F3898",
    "F3801",
    "F321",
    "F3813",
    "F1431",
    "F2489",
    "F3887",
    "F3908",
    "F3496",
    "F527",
    "F3836",
    "F1923",
    "F265",
    "F3484",
    "F3043",
    "F1863",
    "F1827",
    "F670",
    "F1539",
    "F2956",
    "F2678",
    "F531",
    "F1692",
    "F2486",
    "F3643",
    "F270",
    "F267",
    "F3894",
    "F1389",
    "F2122",
    "F3806",
    "F2582",
    "F2182",
    "F3748",
    "F159",
    "occupation_velocity_anomaly",
    "pass_through_score",
    "network_centrality_proxy",
    "dormancy_activation_signal",
    "financial_impossibility_score",
    "peer_deviation_combined",
    "structuring_risk",
    "cross_border_occupation_risk",
    "temporal_burst_index",
    "risk_cluster_membership",
    "two_hop_contamination",
    "international_flag_occupation"
  ],
  "center": [
    -0.009999999776482582,
    71251.0,
    -0.15000000596046448,
    114406.0,
    18876.818359375,
    621136.0625,
    57.0,
    100000.0,
    2.440000057220459,
    103280.796875,
    29.0,
    330207.25,
    0.949999988079071,
    23206.14453125,
    575111.0,
    0.019999999552965164,
    0.5299999713897705,
    100000.0,
    3.0,
    805204.125,
    1.0700000524520874,
    445122.171875,
    20000.0,
    1.4800000190734863,
    94.0,
    0.0,
    0.029999999329447746,
    1.0,
    381286.328125,
    9868.490234375,
    0.28999999165534973,
    0.019999999552965164,
    87.5,
    172829.34375,
    720422.8125,
    0.0,
    25000.0,
    64.0,
    -0.11999999731779099,
    1.2100000381469727,
    0.0,
    2.4100000858306885,
    -0.3400000035762787,
    0.4099999964237213,
    0.28999999165534973,
    34.0,
    86979.28125,
    0.0,
    607818.0,
    0.0,
    0.7222222089767456,
    0.1899999976158142,
    0.5199999809265137,
    0.5846153497695923,
    0.21569999307394028,
    0.0,
    0.0,
    2.322903275489807,
    0.25999999046325684,
    0.0,
    0.0,
    0.37714284658432007,
    0.0,
    0.0,
    0.0
  ],
  "scale": [
    0.05999999865889549,
    225786.80078125,
    0.3799999952316284,
    502642.796875,
    74258.08227539062,
    1670595.6796875,
    154.0,
    448318.25,
    1.1200000047683716,
    355724.171875,
    98.0,
    860296.96875,
    0.41999995708465576,
    97333.98022460938,
    1441622.5,
    0.05000000074505806,
    0.24000000953674316,
    460043.75,
    3.0,
    2645274.390625,
    0.28999996185302734,
    1215333.3671875,
    50000.0,
    0.8899999856948853,
    123.0,
    1.0,
    0.08999999798834324,
    0.25,
    1971360.1826171875,
    47044.24304199219,
    0.12000001966953278,
    0.029999999329447746,
    1.0,
    599939.453125,
    2211003.6796875,
    1.0,
    60000.0,
    85.0,
    0.2299999948590994,
    0.6299999952316284,
    1.0,
    0.7100000381469727,
    1.5699999928474426,
    0.1599999964237213,
    0.07000002264976501,
    19.0,
    275000.0,
    0.012418506667017937,
    1760994.9375,
    0.04999999888241291,
    0.8849055645987391,
    1.6100000143051147,
    0.08000001311302185,
    0.318362295627594,
    0.3882999764755368,
    1.0,
    1.0,
    15.778939254581928,
    0.4099999740719795,
    0.3493833616375923,
    1.0,
    0.35452549532055855,
    1.0,
    1.0,
    1.0
  ],
  "encoded_cols_skipped": [
    "F3891",
    "F3889",
    "F3886",
    "F3888",
    "F3890",
    "F3892",
    "F3893"
  ]
}