{
  "columns": [
    "F573",
    "F1692",
    "F2686",
    "F1058",
    "F3801",
    "F3712",
    "F2122",
    "F270",
    "F1539",
    "F1814",
    "F670",
    "F3811",
    "F1921",
    "F2956",
    "F1285",
    "F2486",
    "F3640",
    "F321",
    "F1609",
    "F2390",
    "F2582",
    "F267",
    "F2385",
    "F1923",
    "F527",
    "F1827",
    "F2678",
    "F531",
    "F3908",
    "F1858",
    "F1491",
    "F3700",
    "F3043",
    "F3807",
    "F159",
    "F1431",
    "F2737",
    "F115",
    "F1717",
    "F3836",
    "F2387",
    "F2484",
    "F3887",
    "F1647",
    "F2182",
    "F3898",
    "F1863",
    "F1605",
    "F1719",
    "F3894",
    "F3643",
    "F2784",
    "F265",
    "F3484",
    "F3889",
    "F3891",
    "F3886",
    "F3888",
    "F3890",
    "F3892",
    "F3893",
    "occupation_velocity_anomaly",
    "pass_through_score",
    "network_centrality_proxy",
    "dormancy_activation_signal",
    "financial_impossibility_score",
    "peer_deviation_combined",
    "structuring_risk",
    "cross_border_occupation_risk",
    "temporal_burst_index",
    "risk_cluster_membership",
    "two_hop_contamination",
    "international_flag_occupation"
  ],
  "center": [
    1.2699999809265137,
    0.0,
    -0.11999999731779099,
    123468.890625,
    805204.125,
    0.019999999552965164,
    0.0,
    0.4099999964237213,
    25000.0,
    864606.5,
    0.0,
    841744.3125,
    25219.29296875,
    64.0,
    99999.0,
    2.4100000858306885,
    0.18000000715255737,
    1.0700000524520874,
    621136.0625,
    0.6399999856948853,
    0.0,
    0.28999999165534973,
    0.949999988079071,
    9868.490234375,
    1.0,
    720422.8125,
    -0.11999999731779099,
    1.2100000381469727,
    0.0,
    57.0,
    100000.0,
    0.019999999552965164,
    87.5,
    581522.25,
    0.5199999809265137,
    20000.0,
    -0.15000000596046448,
    0.5299999713897705,
    946824.0,
    381286.328125,
    0.949999988079071,
    2.440000057220459,
    94.0,
    71251.0,
    0.7222222089767456,
    3.0,
    172829.34375,
    330207.25,
    495948.1875,
    34.0,
    -0.3400000035762787,
    -0.009999999776482582,
    0.28999999165534973,
    0.019999999552965164,
    0.0,
    5.0,
    14.0,
    2340.0,
    1.0,
    1.0,
    1.0,
    0.584615375621302,
    0.21569999307394028,
    0.0,
    0.0,
    2.3229033333333335,
    0.25999999046325684,
    0.0,
    0.0,
    0.37714284658432007,
    0.0,
    0.0,
    0.0
  ],
  "scale": [
    0.28999996185302734,
    1.0,
    0.12000000849366188,
    538455.96875,
    2645274.390625,
    0.12000000104308128,
    0.012418506667017937,
    0.1599999964237213,
    60000.0,
    2392691.25,
    1.0,
    2343713.6640625,
    106882.43054199219,
    85.0,
    454419.25,
    0.7100000381469727,
    1.600000023841858,
    0.28999996185302734,
    1670595.6796875,
    0.3700000047683716,
    0.04999999888241291,
    0.07000002264976501,
    0.41999995708465576,
    47044.24304199219,
    0.25,
    2211003.6796875,
    0.2299999948590994,
    0.6299999952316284,
    1.0,
    154.0,
    448318.25,
    0.05000000074505806,
    1.0,
    1735624.83984375,
    0.08000001311302185,
    50000.0,
    0.3799999952316284,
    0.24000000953674316,
    2579907.2890625,
    1971360.1826171875,
    0.2600000500679016,
    1.1200000047683716,
    123.0,
    225786.80078125,
    0.8849055645987391,
    3.0,
    599939.453125,
    860296.96875,
    1284779.61328125,
    19.0,
    1.5699999928474426,
    0.05999999865889549,
    0.12000001966953278,
    0.029999999329447746,
    1.0,
    1.0,
    6.0,
    2193.5,
    2.0,
    1.0,
    1.0,
    0.3183622783047122,
    0.3882999764755368,
    1.0,
    1.0,
    15.778938710937503,
    0.4099999740719795,
    0.3493833616375923,
    1.0,
    0.35452549532055855,
    1.0,
    1.0,
    1.0
  ]
}